"","Region","Age_lower","Year","Population","Proportion","Data"
"1","Nationwide","0",2000,3259783,0.0693451179095454,NA
"2","Nationwide","5",2000,3521464,0.0749118380868357,NA
"3","Nationwide","10",2000,3129982,0.0665838710260023,NA
"4","Nationwide","15",2000,3842432,0.0817397661437619,NA
"5","Nationwide","20",2000,3854382,0.0819939775925053,NA
"6","Nationwide","25",2000,4352913,0.092599189956814,NA
"7","Nationwide","30",2000,4247992,0.0903672134368471,NA
"8","Nationwide","35",2000,4273079,0.0909008872958116,NA
"9","Nationwide","40",2000,4020438,0.0855264743567339,NA
"10","Nationwide","45",2000,2921443,0.0621476366067975,NA
"11","Nationwide","50",2000,2365862,0.0503288038951406,NA
"12","Nationwide","55",2000,2006389,0.0426817618772216,NA
"13","Nationwide","60",2000,1817056,0.0386540952475202,NA
"14","Nationwide","65",2000,1381212,0.0293824187064228,NA
"15","Nationwide","70",2000,922213,0.0196181675966516,NA
"16","Nationwide","75",2000,608084,0.0129357250709351,NA
"17","Nationwide","80",2000,483387,0.0102830551944536,NA
"18","Seoul","0",2000,612869,0.060809943290793,NA
"19","Seoul","5",2000,647952,0.0642909404377704,NA
"20","Seoul","10",2000,608748,0.0604010504012826,NA
"21","Seoul","15",2000,817882,0.081151694797029,NA
"22","Seoul","20",2000,960812,0.0953334615278524,NA
"23","Seoul","25",2000,1137544,0.112869122325949,NA
"24","Seoul","30",2000,948248,0.094086839284754,NA
"25","Seoul","35",2000,857862,0.0851185809223933,NA
"26","Seoul","40",2000,867078,0.0860330086995658,NA
"27","Seoul","45",2000,688853,0.0683492098077935,NA
"28","Seoul","50",2000,577174,0.0572682224242377,NA
"29","Seoul","55",2000,463292,0.0459686494945544,NA
"30","Seoul","60",2000,351450,0.034871488963464,NA
"31","Seoul","65",2000,226249,0.0224488248868822,NA
"32","Seoul","70",2000,142029,0.0140923679214449,NA
"33","Seoul","75",2000,93140,0.00924151510046104,NA
"34","Seoul","80",2000,77252,0.00766507971377299,NA
"35","Busan","0",2000,212351,0.0568904498972574,NA
"36","Busan","5",2000,248556,0.0665900450888516,NA
"37","Busan","10",2000,242582,0.064989564998406,NA
"38","Busan","15",2000,336564,0.0901680584467252,NA
"39","Busan","20",2000,342433,0.0917404082376233,NA
"40","Busan","25",2000,333836,0.0894372064737196,NA
"41","Busan","30",2000,300209,0.0804282771129204,NA
"42","Busan","35",2000,318568,0.0853467930118978,NA
"43","Busan","40",2000,344416,0.092271669037649,NA
"44","Busan","45",2000,277996,0.0744772452667422,NA
"45","Busan","50",2000,226218,0.0606055247908311,NA
"46","Busan","55",2000,178800,0.0479018815151783,NA
"47","Busan","60",2000,143237,0.0383742830122461,NA
"48","Busan","65",2000,98069,0.026273431869754,NA
"49","Busan","70",2000,63463,0.0170022209541262,NA
"50","Busan","75",2000,38648,0.0103540934943994,NA
"51","Busan","80",2000,26684,0.00714884679167236,NA
"52","Daegu","0",2000,167761,0.0663385086499348,NA
"53","Daegu","5",2000,186419,0.0737165279416085,NA
"54","Daegu","10",2000,174309,0.0689278145949385,NA
"55","Daegu","15",2000,219021,0.0866084876879451,NA
"56","Daegu","20",2000,224365,0.0887216903406788,NA
"57","Daegu","25",2000,238009,0.0941170004069022,NA
"58","Daegu","30",2000,225032,0.0889854452376424,NA
"59","Daegu","35",2000,230602,0.0911880161163337,NA
"60","Daegu","40",2000,222393,0.0879418932540039,NA
"61","Daegu","45",2000,166299,0.0657603832236068,NA
"62","Daegu","50",2000,132119,0.052244427634079,NA
"63","Daegu","55",2000,104867,0.0414680431482449,NA
"64","Daegu","60",2000,89583,0.0354242202918861,NA
"65","Daegu","65",2000,63988,0.0253030709848655,NA
"66","Daegu","70",2000,39958,0.0158007768708704,NA
"67","Daegu","75",2000,25205,0.00996692980204938,NA
"68","Daegu","80",2000,18933,0.00748676381440988,NA
"69","Incheon","0",2000,188259,0.0746330370883684,NA
"70","Incheon","5",2000,217231,0.0861186412322564,NA
"71","Incheon","10",2000,184221,0.0730322201087668,NA
"72","Incheon","15",2000,200034,0.0793010955169989,NA
"73","Incheon","20",2000,187221,0.0742215343580993,NA
"74","Incheon","25",2000,227863,0.0903335709318911,NA
"75","Incheon","30",2000,248363,0.0984605516356639,NA
"76","Incheon","35",2000,270847,0.107374065496329,NA
"77","Incheon","40",2000,238719,0.0946373027621427,NA
"78","Incheon","45",2000,149962,0.0594506478194716,NA
"79","Incheon","50",2000,111638,0.0442575547223308,NA
"80","Incheon","55",2000,86711,0.0343755426246263,NA
"81","Incheon","60",2000,73802,0.0292579234097481,NA
"82","Incheon","65",2000,56072,0.0222290761961925,NA
"83","Incheon","70",2000,37418,0.0148339201938424,NA
"84","Incheon","75",2000,25213,0.00999539338947425,NA
"85","Incheon","80",2000,18888,0.00748792251379803,NA
"86","Gwangju","0",2000,107585,0.0778233337625305,NA
"87","Gwangju","5",2000,112897,0.081665854085499,NA
"88","Gwangju","10",2000,97978,0.0708739563636679,NA
"89","Gwangju","15",2000,130864,0.0946625714504791,NA
"90","Gwangju","20",2000,132890,0.0961281110164305,NA
"91","Gwangju","25",2000,134751,0.0974742951883139,NA
"92","Gwangju","30",2000,123790,0.0895454801920681,NA
"93","Gwangju","35",2000,119380,0.0863554360233387,NA
"94","Gwangju","40",2000,110986,0.0802835016123829,NA
"95","Gwangju","45",2000,77747,0.0562395383188684,NA
"96","Gwangju","50",2000,65814,0.0476076115466578,NA
"97","Gwangju","55",2000,49925,0.0361140487809112,NA
"98","Gwangju","60",2000,41885,0.0302981859426834,NA
"99","Gwangju","65",2000,30412,0.0219990075418142,NA
"100","Gwangju","70",2000,20899,0.0151176265492692,NA
"101","Gwangju","75",2000,13485,0.00975459084247547,NA
"102","Gwangju","80",2000,11138,0.0080568507826097,NA
"103","Daejeon","0",2000,101119,0.0723897516517297,NA
"104","Daejeon","5",2000,110849,0.079355329669425,NA
"105","Daejeon","10",2000,100215,0.0717425900352861,NA
"106","Daejeon","15",2000,127064,0.0909634332210107,NA
"107","Daejeon","20",2000,128134,0.091729432036934,NA
"108","Daejeon","25",2000,133188,0.09534752364037,NA
"109","Daejeon","30",2000,125947,0.0901637877281263,NA
"110","Daejeon","35",2000,129051,0.0923859001810478,NA
"111","Daejeon","40",2000,123447,0.0883740708684923,NA
"112","Daejeon","45",2000,86881,0.0621969561927425,NA
"113","Daejeon","50",2000,64888,0.0464524590351708,NA
"114","Daejeon","55",2000,49631,0.0355301749841968,NA
"115","Daejeon","60",2000,41206,0.0294988291672304,NA
"116","Daejeon","65",2000,30312,0.0216999589796896,NA
"117","Daejeon","70",2000,20531,0.0146978707380578,NA
"118","Daejeon","75",2000,13535,0.00968952707805814,NA
"119","Daejeon","80",2000,10871,0.00778240479243222,NA
"120","Ulsan","0",2000,85656,0.0827068395165199,NA
"121","Ulsan","5",2000,95215,0.0919367204231513,NA
"122","Ulsan","10",2000,79346,0.0766140946142452,NA
"123","Ulsan","15",2000,84386,0.0814805659783442,NA
"124","Ulsan","20",2000,74635,0.0720652956864139,NA
"125","Ulsan","25",2000,92186,0.0890120097561164,NA
"126","Ulsan","30",2000,107385,0.103687703855906,NA
"127","Ulsan","35",2000,111939,0.108084908338467,NA
"128","Ulsan","40",2000,97480,0.0941237358278505,NA
"129","Ulsan","45",2000,66040,0.063766223985138,NA
"130","Ulsan","50",2000,45295,0.0437354802454092,NA
"131","Ulsan","55",2000,31098,0.0300272870001487,NA
"132","Ulsan","60",2000,23880,0.0230578047965641,NA
"133","Ulsan","65",2000,16558,0.0159879033426092,NA
"134","Ulsan","70",2000,11127,0.0107438942199066,NA
"135","Ulsan","75",2000,7381,0.00712687006714572,NA
"136","Ulsan","80",2000,6051,0.00584266234606405,NA
"137","Sejong","0",2000,NA,NA,NA
"138","Sejong","5",2000,NA,NA,NA
"139","Sejong","10",2000,NA,NA,NA
"140","Sejong","15",2000,NA,NA,NA
"141","Sejong","20",2000,NA,NA,NA
"142","Sejong","25",2000,NA,NA,NA
"143","Sejong","30",2000,NA,NA,NA
"144","Sejong","35",2000,NA,NA,NA
"145","Sejong","40",2000,NA,NA,NA
"146","Sejong","45",2000,NA,NA,NA
"147","Sejong","50",2000,NA,NA,NA
"148","Sejong","55",2000,NA,NA,NA
"149","Sejong","60",2000,NA,NA,NA
"150","Sejong","65",2000,NA,NA,NA
"151","Sejong","70",2000,NA,NA,NA
"152","Sejong","75",2000,NA,NA,NA
"153","Sejong","80",2000,NA,NA,NA
"154","Gyeonggi","0",2000,746229,0.0815867804376454,"Urban"
"155","Gyeonggi","5",2000,808538,0.0883991539882435,"Urban"
"156","Gyeonggi","10",2000,651557,0.0712360922741021,"Urban"
"157","Gyeonggi","15",2000,677876,0.0741136037006728,"Urban"
"158","Gyeonggi","20",2000,648787,0.0709332423690297,"Urban"
"159","Gyeonggi","25",2000,850285,0.0929634409871814,"Urban"
"160","Gyeonggi","30",2000,950116,0.10387817343241,"Urban"
"161","Gyeonggi","35",2000,983942,0.107576440901356,"Urban"
"162","Gyeonggi","40",2000,830030,0.0907489193888992,"Urban"
"163","Gyeonggi","45",2000,509693,0.0557258038505671,"Urban"
"164","Gyeonggi","50",2000,371117,0.0405749993576739,"Urban"
"165","Gyeonggi","55",2000,312263,0.0341403681976987,"Urban"
"166","Gyeonggi","60",2000,283202,0.030963068164735,"Urban"
"167","Gyeonggi","65",2000,215856,0.0235999888481262,"Urban"
"168","Gyeonggi","70",2000,141808,0.0155041658261762,"Urban"
"169","Gyeonggi","75",2000,92403,0.0101026136384136,"Urban"
"170","Gyeonggi","80",2000,72743,0.00795314463706938,"Urban"
"171","Gangwon","0",2000,100314,0.0661874301021704,NA
"172","Gangwon","5",2000,104795,0.0691440051992439,NA
"173","Gangwon","10",2000,98691,0.0651165706104163,NA
"174","Gangwon","15",2000,124865,0.0823862417978299,NA
"175","Gangwon","20",2000,116713,0.0770075316457784,NA
"176","Gangwon","25",2000,119368,0.0787593073393133,NA
"177","Gangwon","30",2000,121073,0.0798842706377981,NA
"178","Gangwon","35",2000,128117,0.0845319195964648,NA
"179","Gangwon","40",2000,129420,0.0853916422814652,NA
"180","Gangwon","45",2000,96111,0.0634142801059643,NA
"181","Gangwon","50",2000,71677,0.0472926653052741,NA
"182","Gangwon","55",2000,77745,0.0512963470033419,NA
"183","Gangwon","60",2000,78831,0.0520128925412624,NA
"184","Gangwon","65",2000,58746,0.0387607589048598,NA
"185","Gangwon","70",2000,39911,0.0263333784198389,NA
"186","Gangwon","75",2000,27002,0.0178159876748889,NA
"187","Gangwon","80",2000,22226,0.0146647708340894,NA
"188","Chungbuk","0",2000,103997,0.0695922113362291,NA
"189","Chungbuk","5",2000,110077,0.0736607964389174,NA
"190","Chungbuk","10",2000,99333,0.0664711782903511,NA
"191","Chungbuk","15",2000,126216,0.0844606146909381,NA
"192","Chungbuk","20",2000,124409,0.0832514151382148,NA
"193","Chungbuk","25",2000,123919,0.0829235192993468,NA
"194","Chungbuk","30",2000,123150,0.0824089235848785,NA
"195","Chungbuk","35",2000,126884,0.0849076237120887,NA
"196","Chungbuk","40",2000,120804,0.0808390386094004,NA
"197","Chungbuk","45",2000,89789,0.0600845703594207,NA
"198","Chungbuk","50",2000,66130,0.0442525547435487,NA
"199","Chungbuk","55",2000,66655,0.0446038717137643,NA
"200","Chungbuk","60",2000,70220,0.0469894812353241,NA
"201","Chungbuk","65",2000,56549,0.0378411873309078,NA
"202","Chungbuk","70",2000,38520,0.0257766279861106,NA
"203","Chungbuk","75",2000,26238,0.0175578184086077,NA
"204","Chungbuk","80",2000,21487,0.0143785671219512,NA
"205","Chungnam","0",2000,126993,0.0675755637549394,NA
"206","Chungnam","5",2000,131385,0.0699126364755751,NA
"207","Chungnam","10",2000,119872,0.0637863345100289,NA
"208","Chungnam","15",2000,156605,0.0833327125262202,NA
"209","Chungnam","20",2000,142708,0.0759378355684163,NA
"210","Chungnam","25",2000,145992,0.0776853189050665,NA
"211","Chungnam","30",2000,143386,0.0762986131878587,NA
"212","Chungnam","35",2000,149954,0.0797935798611591,NA
"213","Chungnam","40",2000,141077,0.0750699472243005,NA
"214","Chungnam","45",2000,107155,0.0570193596037619,NA
"215","Chungnam","50",2000,96383,0.0512873588417655,NA
"216","Chungnam","55",2000,92285,0.0491067295136313,NA
"217","Chungnam","60",2000,101978,0.0542645723827393,NA
"218","Chungnam","65",2000,90220,0.0480079009234417,NA
"219","Chungnam","70",2000,59795,0.0318181382810596,NA
"220","Chungnam","75",2000,40375,0.0214843604498333,NA
"221","Chungnam","80",2000,33111,0.0176190379902026,NA
"222","Jeonbuk","0",2000,129122,0.0670065723752663,NA
"223","Jeonbuk","5",2000,136888,0.0710366605172275,NA
"224","Jeonbuk","10",2000,126958,0.0658835861868547,NA
"225","Jeonbuk","15",2000,165475,0.0858715986725515,NA
"226","Jeonbuk","20",2000,157969,0.0819764349340038,NA
"227","Jeonbuk","25",2000,154620,0.0802385048300342,NA
"228","Jeonbuk","30",2000,143603,0.07452134270539,NA
"229","Jeonbuk","35",2000,147957,0.0767808075225544,NA
"230","Jeonbuk","40",2000,143245,0.0743355621806897,NA
"231","Jeonbuk","45",2000,110593,0.0573911328719957,NA
"232","Jeonbuk","50",2000,106468,0.0552505053178378,NA
"233","Jeonbuk","55",2000,94000,0.0487803612341431,NA
"234","Jeonbuk","60",2000,97047,0.0503615714541478,NA
"235","Jeonbuk","65",2000,84011,0.0435966694429957,NA
"236","Jeonbuk","70",2000,58960,0.0305967031740966,NA
"237","Jeonbuk","75",2000,38139,0.0197918531607339,NA
"238","Jeonbuk","80",2000,31950,0.0165801334194774,NA
"239","Jeonnam","0",2000,134933,0.0663071200066832,"Rural"
"240","Jeonnam","5",2000,142056,0.0698074173083633,"Rural"
"241","Jeonnam","10",2000,129595,0.0636839855133,"Rural"
"242","Jeonnam","15",2000,163191,0.0801933198032403,"Rural"
"243","Jeonnam","20",2000,143873,0.0707003051642039,"Rural"
"244","Jeonnam","25",2000,142201,0.0698786714300457,"Rural"
"245","Jeonnam","30",2000,147340,0.0724040157840165,"Rural"
"246","Jeonnam","35",2000,151151,0.0742767706649238,"Rural"
"247","Jeonnam","40",2000,144064,0.0707941640417303,"Rural"
"248","Jeonnam","45",2000,113518,0.0557836233457987,"Rural"
"249","Jeonnam","50",2000,113723,0.0558843619316255,"Rural"
"250","Jeonnam","55",2000,111864,0.0549708349508838,"Rural"
"251","Jeonnam","60",2000,124885,0.0613694550779618,"Rural"
"252","Jeonnam","65",2000,106153,0.0521644053720694,"Rural"
"253","Jeonnam","70",2000,75479,0.0370909644859629,"Rural"
"254","Jeonnam","75",2000,50849,0.0249875919546725,"Rural"
"255","Jeonnam","80",2000,40095,0.0197029931645184,"Rural"
"256","Gyeongbuk","0",2000,181074,0.0652909488198346,NA
"257","Gyeongbuk","5",2000,189977,0.0685011574491407,NA
"258","Gyeongbuk","10",2000,174273,0.0628386710608869,NA
"259","Gyeongbuk","15",2000,228502,0.0823923500183894,NA
"260","Gyeongbuk","20",2000,211814,0.0763750567907289,NA
"261","Gyeongbuk","25",2000,220038,0.0793404342778022,NA
"262","Gyeongbuk","30",2000,222638,0.0802779320242019,NA
"263","Gyeongbuk","35",2000,225556,0.0813300929565073,NA
"264","Gyeongbuk","40",2000,211954,0.0764255374386119,NA
"265","Gyeongbuk","45",2000,167292,0.0603214896118038,NA
"266","Gyeongbuk","50",2000,142773,0.0514805252871988,NA
"267","Gyeongbuk","55",2000,135074,0.0487044502296869,NA
"268","Gyeongbuk","60",2000,146072,0.0526700656969575,NA
"269","Gyeongbuk","65",2000,122670,0.044231864827248,NA
"270","Gyeongbuk","70",2000,85816,0.0309431948480893,NA
"271","Gyeongbuk","75",2000,58637,0.0211430982137062,NA
"272","Gyeongbuk","80",2000,49180,0.0177331304492057,NA
"273","Gyeongnam","0",2000,219390,0.0722730583471775,NA
"274","Gyeongnam","5",2000,235414,0.0775518016215071,NA
"275","Gyeongnam","10",2000,207904,0.0684892562223055,NA
"276","Gyeongnam","15",2000,241792,0.0796528890281268,NA
"277","Gyeongnam","20",2000,217238,0.0715641307681487,NA
"278","Gyeongnam","25",2000,251632,0.0828944537946897,NA
"279","Gyeongnam","30",2000,269811,0.0888831129299891,NA
"280","Gyeongnam","35",2000,275846,0.0908712067680183,NA
"281","Gyeongnam","40",2000,255370,0.0841258530932072,NA
"282","Gyeongnam","45",2000,185259,0.0610293747041331,NA
"283","Gyeongnam","50",2000,148772,0.0490095603100702,NA
"284","Gyeongnam","55",2000,129061,0.0425162185302205,NA
"285","Gyeongnam","60",2000,128821,0.0424371559749385,NA
"286","Gyeongnam","65",2000,108556,0.0357613114633128,NA
"287","Gyeongnam","70",2000,76047,0.0250519589230494,NA
"288","Gyeongnam","75",2000,49955,0.016456541454639,NA
"289","Gyeongnam","80",2000,34703,0.0114321160664666,NA
"290","Jeju","0",2000,42131,0.0803747553330713,NA
"291","Jeju","5",2000,43215,0.0824427393538885,NA
"292","Jeju","10",2000,34400,0.0656260611772247,NA
"293","Jeju","15",2000,42095,0.0803060768969556,NA
"294","Jeju","20",2000,40381,0.0770362202441137,NA
"295","Jeju","25",2000,47481,0.090581134033599,NA
"296","Jeju","30",2000,47901,0.0913823824549489,NA
"297","Jeju","35",2000,45423,0.0866550167689848,NA
"298","Jeju","40",2000,39955,0.0762235254167446,NA
"299","Jeju","45",2000,28255,0.053903033679142,NA
"300","Jeju","50",2000,25673,0.048977263622177,NA
"301","Jeju","55",2000,23118,0.0441030023922989,NA
"302","Jeju","60",2000,20957,0.0399803884910203,NA
"303","Jeju","65",2000,16791,0.0320327672449645,NA
"304","Jeju","70",2000,10452,0.0199396392855916,NA
"305","Jeju","75",2000,7879,0.0150310388376556,NA
"306","Jeju","80",2000,8075,0.0154049547676189,NA
"307","Nationwide","0",2025,1219810,0.0236010504025922,NA
"308","Nationwide","5",2025,1766989,0.0341879443928365,NA
"309","Nationwide","10",2025,2271667,0.0439525232330488,NA
"310","Nationwide","15",2025,2267007,0.0438623609168881,NA
"311","Nationwide","20",2025,2660295,0.0514717508306735,NA
"312","Nationwide","25",2025,3476469,0.0672631968028211,NA
"313","Nationwide","30",2025,3670087,0.0710093442986188,NA
"314","Nationwide","35",2025,3305481,0.063954897636362,NA
"315","Nationwide","40",2025,3851246,0.0745144333615739,NA
"316","Nationwide","45",2025,3865770,0.0747954456963205,NA
"317","Nationwide","50",2025,4367799,0.0845087713229041,NA
"318","Nationwide","55",2025,4292571,0.0830532497091395,NA
"319","Nationwide","60",2025,4155466,0.0804005234522245,NA
"320","Nationwide","65",2025,3688605,0.0713676330906071,NA
"321","Nationwide","70",2025,2527085,0.0488943855654853,NA
"322","Nationwide","75",2025,1820534,0.0352239403625423,NA
"323","Nationwide","80",2025,2477683,0.0479385489253619,NA
"324","Seoul","0",2025,187219,0.0200450668443701,NA
"325","Seoul","5",2025,259252,0.0277574587490407,NA
"326","Seoul","10",2025,333384,0.0356945852976647,NA
"327","Seoul","15",2025,357546,0.0382815497889486,NA
"328","Seoul","20",2025,551759,0.0590754465998794,NA
"329","Seoul","25",2025,810664,0.0867957529327925,NA
"330","Seoul","30",2025,811466,0.0868816210530644,NA
"331","Seoul","35",2025,654432,0.0700683861418704,NA
"332","Seoul","40",2025,686497,0.0735015049405219,NA
"333","Seoul","45",2025,666440,0.0713540524613529,NA
"334","Seoul","50",2025,755607,0.080900938596371,NA
"335","Seoul","55",2025,717298,0.0767992904423857,NA
"336","Seoul","60",2025,693226,0.0742219620244491,NA
"337","Seoul","65",2025,644253,0.0689785462462997,NA
"338","Seoul","70",2025,461139,0.0493729914140445,NA
"339","Seoul","75",2025,341853,0.0366013397996382,NA
"340","Seoul","80",2025,407869,0.0436695066673062,NA
"341","Busan","0",2025,66828,0.0206352181429848,NA
"342","Busan","5",2025,102928,0.0317822130397608,NA
"343","Busan","10",2025,131641,0.0406482425264957,NA
"344","Busan","15",2025,125315,0.0386948937808723,NA
"345","Busan","20",2025,167682,0.0517770193429696,NA
"346","Busan","25",2025,203936,0.0629715665171446,NA
"347","Busan","30",2025,208004,0.0642276877149309,NA
"348","Busan","35",2025,187300,0.0578346854339655,NA
"349","Busan","40",2025,227683,0.0703041894482732,NA
"350","Busan","45",2025,229945,0.0710026521201986,NA
"351","Busan","50",2025,258379,0.0797825317017756,NA
"352","Busan","55",2025,263275,0.081294323585837,NA
"353","Busan","60",2025,273476,0.0844441987919869,NA
"354","Busan","65",2025,272435,0.0841227577480106,NA
"355","Busan","70",2025,202785,0.0626161595607405,NA
"356","Busan","75",2025,144643,0.0446630133754675,NA
"357","Busan","80",2025,172286,0.0531986471685861,NA
"358","Daegu","0",2025,51722,0.0221551615203884,NA
"359","Daegu","5",2025,81889,0.0350772209454988,NA
"360","Daegu","10",2025,104626,0.0448166337193488,NA
"361","Daegu","15",2025,103219,0.0442139441045005,NA
"362","Daegu","20",2025,124858,0.0534830276693217,NA
"363","Daegu","25",2025,146727,0.0628506319245589,NA
"364","Daegu","30",2025,150738,0.064568747095246,NA
"365","Daegu","35",2025,136872,0.058629234515653,NA
"366","Daegu","40",2025,164088,0.070287230647645,NA
"367","Daegu","45",2025,171979,0.073667347030565,NA
"368","Daegu","50",2025,201915,0.0864904574144316,NA
"369","Daegu","55",2025,205131,0.0878680336769421,NA
"370","Daegu","60",2025,196669,0.0842433289712941,NA
"371","Daegu","65",2025,171486,0.0734561700724127,NA
"372","Daegu","70",2025,122638,0.0525320888313947,NA
"373","Daegu","75",2025,86230,0.0369366918893912,NA
"374","Daegu","80",2025,113748,0.0487240499714076,NA
"375","Incheon","0",2025,77893,0.0254693700848935,NA
"376","Incheon","5",2025,110305,0.0360674112848932,NA
"377","Incheon","10",2025,137210,0.0448647794968514,NA
"378","Incheon","15",2025,134716,0.0440492940361331,NA
"379","Incheon","20",2025,148437,0.0485357719858183,NA
"380","Incheon","25",2025,199766,0.0653192736751549,NA
"381","Incheon","30",2025,231464,0.0756838519164726,NA
"382","Incheon","35",2025,212600,0.0695157213106231,NA
"383","Incheon","40",2025,243675,0.0796765916762281,NA
"384","Incheon","45",2025,236681,0.0773897010137328,NA
"385","Incheon","50",2025,260120,0.0850537602413889,NA
"386","Incheon","55",2025,255808,0.0836438270791528,NA
"387","Incheon","60",2025,254193,0.0831157561011817,NA
"388","Incheon","65",2025,212943,0.0696278750848919,NA
"389","Incheon","70",2025,131762,0.0430833982658999,NA
"390","Incheon","75",2025,92498,0.0302448974119944,NA
"391","Incheon","80",2025,118230,0.0386587193346894,NA
"392","Gwangju","0",2025,35918,0.0248297697311572,NA
"393","Gwangju","5",2025,54049,0.0373635565510138,NA
"394","Gwangju","10",2025,71191,0.0492136571337716,NA
"395","Gwangju","15",2025,72506,0.0501227040516532,NA
"396","Gwangju","20",2025,89494,0.0618663459079063,NA
"397","Gwangju","25",2025,105127,0.0726732892290038,NA
"398","Gwangju","30",2025,99390,0.0687073560214853,NA
"399","Gwangju","35",2025,84846,0.0586532279806715,NA
"400","Gwangju","40",2025,107413,0.0742535791562109,NA
"401","Gwangju","45",2025,113170,0.0782333381723664,NA
"402","Gwangju","50",2025,127456,0.0881091132817631,NA
"403","Gwangju","55",2025,120509,0.0833067186517071,NA
"404","Gwangju","60",2025,105901,0.073208348023255,NA
"405","Gwangju","65",2025,90424,0.062509246009526,NA
"406","Gwangju","70",2025,61249,0.0423408476603275,NA
"407","Gwangju","75",2025,47645,0.0329365326254519,NA
"408","Gwangju","80",2025,60282,0.0416723698127294,NA
"409","Daejeon","0",2025,36524,0.0249307006520726,NA
"410","Daejeon","5",2025,49733,0.0339469536614151,NA
"411","Daejeon","10",2025,65193,0.0444997034172206,NA
"412","Daejeon","15",2025,68412,0.0466969415455478,NA
"413","Daejeon","20",2025,104793,0.0715300326752995,NA
"414","Daejeon","25",2025,118082,0.080600892410416,NA
"415","Daejeon","30",2025,106164,0.0724658554382497,NA
"416","Daejeon","35",2025,89052,0.0607854767952132,NA
"417","Daejeon","40",2025,102402,0.0698979741587322,NA
"418","Daejeon","45",2025,106539,0.0727218244653148,NA
"419","Daejeon","50",2025,122537,0.0836418044519498,NA
"420","Daejeon","55",2025,117552,0.0802391228521639,NA
"421","Daejeon","60",2025,109731,0.0749006328236933,NA
"422","Daejeon","65",2025,96502,0.0658707281329073,NA
"423","Daejeon","70",2025,65331,0.0445939000191806,NA
"424","Daejeon","75",2025,45598,0.0311244685229768,NA
"425","Daejeon","80",2025,60876,0.0415529879776467,NA
"426","Ulsan","0",2025,26908,0.0245922689905087,NA
"427","Ulsan","5",2025,42239,0.038603866875654,NA
"428","Ulsan","10",2025,55482,0.0507071602546234,NA
"429","Ulsan","15",2025,52504,0.0479854500920794,NA
"430","Ulsan","20",2025,44968,0.041098006242203,NA
"431","Ulsan","25",2025,64647,0.0590834106373353,NA
"432","Ulsan","30",2025,72887,0.0666142675007883,NA
"433","Ulsan","35",2025,68929,0.0629968971772996,NA
"434","Ulsan","40",2025,85453,0.078098824217554,NA
"435","Ulsan","45",2025,86677,0.0792174854797951,NA
"436","Ulsan","50",2025,97200,0.0888348649426732,NA
"437","Ulsan","55",2025,103887,0.0949463746327108,NA
"438","Ulsan","60",2025,97334,0.0889573327605983,NA
"439","Ulsan","65",2025,79401,0.072567665754251,NA
"440","Ulsan","70",2025,50684,0.0463220812217536,NA
"441","Ulsan","75",2025,30887,0.028228832031732,NA
"442","Ulsan","80",2025,34078,0.0311452111884405,NA
"443","Sejong","0",2025,16042,0.0403439369666852,NA
"444","Sejong","5",2025,24056,0.0604983011887906,NA
"445","Sejong","10",2025,28290,0.0711463643428204,NA
"446","Sejong","15",2025,24171,0.0607875140519728,NA
"447","Sejong","20",2025,20739,0.0521563962568311,NA
"448","Sejong","25",2025,23149,0.0582172919113449,NA
"449","Sejong","30",2025,28337,0.0712645643825557,NA
"450","Sejong","35",2025,31649,0.079593894842203,NA
"451","Sejong","40",2025,39222,0.0986391906063662,NA
"452","Sejong","45",2025,36969,0.0929731333824576,NA
"453","Sejong","50",2025,32950,0.0828657725378554,NA
"454","Sejong","55",2025,24579,0.061813590992654,NA
"455","Sejong","60",2025,21369,0.053740779768177,NA
"456","Sejong","65",2025,17753,0.0446469213919438,NA
"457","Sejong","70",2025,11290,0.0283931584811043,NA
"458","Sejong","75",2025,7266,0.0182732231641899,NA
"459","Sejong","80",2025,9800,0.0246459657320481,NA
"460","Gyeonggi","0",2025,373459,0.0267736727475026,"Urban"
"461","Gyeonggi","5",2025,528640,0.0378987636159252,"Urban"
"462","Gyeonggi","10",2025,659319,0.0472672800554029,"Urban"
"463","Gyeonggi","15",2025,642049,0.0460291753950536,"Urban"
"464","Gyeonggi","20",2025,679575,0.0487194542302746,"Urban"
"465","Gyeonggi","25",2025,932875,0.0668788005224845,"Urban"
"466","Gyeonggi","30",2025,1056058,0.0757099207526988,"Urban"
"467","Gyeonggi","35",2025,986164,0.0706991455859095,"Urban"
"468","Gyeonggi","40",2025,1136540,0.0814797608959662,"Urban"
"469","Gyeonggi","45",2025,1116315,0.0800298091440517,"Urban"
"470","Gyeonggi","50",2025,1226954,0.087961636678295,"Urban"
"471","Gyeonggi","55",2025,1161444,0.0832651551322915,"Urban"
"472","Gyeonggi","60",2025,1074916,0.0770618708213072,"Urban"
"473","Gyeonggi","65",2025,886100,0.0635254510443237,"Urban"
"474","Gyeonggi","70",2025,561866,0.0402807708796637,"Urban"
"475","Gyeonggi","75",2025,394760,0.0283007640833509,"Urban"
"476","Gyeonggi","80",2025,531706,0.0381185684154985,"Urban"
"477","Gangwon","0",2025,35344,0.0232957593861267,NA
"478","Gangwon","5",2025,47272,0.0311576827099644,NA
"479","Gangwon","10",2025,60386,0.0398013163844117,NA
"480","Gangwon","15",2025,63190,0.041649474751283,NA
"481","Gangwon","20",2025,77228,0.0509021306550416,NA
"482","Gangwon","25",2025,88796,0.0585267725908359,NA
"483","Gangwon","30",2025,86648,0.057110993642177,NA
"484","Gangwon","35",2025,78440,0.0517009779947877,NA
"485","Gangwon","40",2025,95244,0.0627767458966798,NA
"486","Gangwon","45",2025,101368,0.0668131659532846,NA
"487","Gangwon","50",2025,123791,0.0815925008535539,NA
"488","Gangwon","55",2025,131510,0.0866802092821843,NA
"489","Gangwon","60",2025,138466,0.091265012991156,NA
"490","Gangwon","65",2025,135132,0.0890675236918875,NA
"491","Gangwon","70",2025,90514,0.0596591321037763,NA
"492","Gangwon","75",2025,62329,0.0410819767648792,NA
"493","Gangwon","80",2025,101528,0.0669186243479705,NA
"494","Chungbuk","0",2025,39537,0.024240035020128,NA
"495","Chungbuk","5",2025,55222,0.0338564689754283,NA
"496","Chungbuk","10",2025,70647,0.0433134975862352,NA
"497","Chungbuk","15",2025,70941,0.0434937482450085,NA
"498","Chungbuk","20",2025,84085,0.0515523015066257,NA
"499","Chungbuk","25",2025,106064,0.0650275709936226,NA
"500","Chungbuk","30",2025,110170,0.0675449492416597,NA
"501","Chungbuk","35",2025,97570,0.0598199210085208,NA
"502","Chungbuk","40",2025,113508,0.0695914686259627,NA
"503","Chungbuk","45",2025,115047,0.0705350256458675,NA
"504","Chungbuk","50",2025,132661,0.0813341246378127,NA
"505","Chungbuk","55",2025,139984,0.0858238374752155,NA
"506","Chungbuk","60",2025,139226,0.0853591095862696,NA
"507","Chungbuk","65",2025,125777,0.077113561593612,NA
"508","Chungbuk","70",2025,84410,0.0517515581872424,NA
"509","Chungbuk","75",2025,56439,0.0346026086071529,NA
"510","Chungbuk","80",2025,89774,0.0550402130636358,NA
"511","Chungnam","0",2025,54371,0.0243919946201321,NA
"512","Chungnam","5",2025,78145,0.0350575199939346,NA
"513","Chungnam","10",2025,101291,0.0454413111229846,NA
"514","Chungnam","15",2025,101519,0.0455435968042005,NA
"515","Chungnam","20",2025,120764,0.054177315817359,NA
"516","Chungnam","25",2025,136897,0.0614149250062022,NA
"517","Chungnam","30",2025,143109,0.0642017611979268,NA
"518","Chungnam","35",2025,139937,0.062778734089081,NA
"519","Chungnam","40",2025,165540,0.074264788019655,NA
"520","Chungnam","45",2025,164914,0.0739839510177201,NA
"521","Chungnam","50",2025,181516,0.08143196364731,NA
"522","Chungnam","55",2025,175255,0.0786231450065521,NA
"523","Chungnam","60",2025,179335,0.0804535203546262,NA
"524","Chungnam","65",2025,158731,0.0712101248468519,NA
"525","Chungnam","70",2025,111353,0.0499553397387498,NA
"526","Chungnam","75",2025,83598,0.0375038525363484,NA
"527","Chungnam","80",2025,132776,0.0595661561803655,NA
"528","Jeonbuk","0",2025,35808,0.0204981424130884,NA
"529","Jeonbuk","5",2025,54389,0.0311347594868595,NA
"530","Jeonbuk","10",2025,77183,0.0441830910933144,NA
"531","Jeonbuk","15",2025,80462,0.0460601411651564,NA
"532","Jeonbuk","20",2025,94126,0.0538820417999989,NA
"533","Jeonbuk","25",2025,104440,0.0597862487048412,NA
"534","Jeonbuk","30",2025,96824,0.0554265008100109,NA
"535","Jeonbuk","35",2025,87384,0.0500226116126373,NA
"536","Jeonbuk","40",2025,109958,0.0629450051233907,NA
"537","Jeonbuk","45",2025,121234,0.0693999049739823,NA
"538","Jeonbuk","50",2025,146697,0.0839760946596523,NA
"539","Jeonbuk","55",2025,148489,0.08500191769373,NA
"540","Jeonbuk","60",2025,146751,0.0840070067376881,NA
"541","Jeonbuk","65",2025,136543,0.0781634790971383,NA
"542","Jeonbuk","70",2025,101280,0.0579773196938559,NA
"543","Jeonbuk","75",2025,82443,0.0471941564723595,NA
"544","Jeonbuk","80",2025,122879,0.0703415784622959,NA
"545","Jeonnam","0",2025,39475,0.0225907966896972,"Rural"
"546","Jeonnam","5",2025,56374,0.0322617751129826,"Rural"
"547","Jeonnam","10",2025,76291,0.0436598979164962,"Rural"
"548","Jeonnam","15",2025,75597,0.0432627348283986,"Rural"
"549","Jeonnam","20",2025,69754,0.0399188963215487,"Rural"
"550","Jeonnam","25",2025,89151,0.0510194329495425,"Rural"
"551","Jeonnam","30",2025,94715,0.054203605027604,"Rural"
"552","Jeonnam","35",2025,86464,0.0494817136156549,"Rural"
"553","Jeonnam","40",2025,110752,0.0633812771368547,"Rural"
"554","Jeonnam","45",2025,118217,0.0676533555988836,"Rural"
"555","Jeonnam","50",2025,142304,0.0814378906176229,"Rural"
"556","Jeonnam","55",2025,154440,0.0883830941293687,"Rural"
"557","Jeonnam","60",2025,155515,0.0889982963191451,"Rural"
"558","Jeonnam","65",2025,144478,0.0826820297437382,"Rural"
"559","Jeonnam","70",2025,106265,0.0608134518107833,"Rural"
"560","Jeonnam","75",2025,87631,0.050149565667254,"Rural"
"561","Jeonnam","80",2025,139970,0.0801021865144246,"Rural"
"562","Gyeongbuk","0",2025,54307,0.0210217173187333,NA
"563","Gyeongbuk","5",2025,79963,0.0309529081326141,NA
"564","Gyeongbuk","10",2025,106512,0.0412297706566911,NA
"565","Gyeongbuk","15",2025,108323,0.0419307913366076,NA
"566","Gyeongbuk","20",2025,121317,0.0469606437467871,NA
"567","Gyeongbuk","25",2025,140082,0.0542243947454803,NA
"568","Gyeongbuk","30",2025,142750,0.0552571518818786,NA
"569","Gyeongbuk","35",2025,136792,0.0529508673921257,NA
"570","Gyeongbuk","40",2025,169310,0.0655382724001462,NA
"571","Gyeongbuk","45",2025,176644,0.0683771932540985,NA
"572","Gyeongbuk","50",2025,210525,0.081492202451366,NA
"573","Gyeongbuk","55",2025,226270,0.0875869404995634,NA
"574","Gyeongbuk","60",2025,235763,0.0912615894860059,NA
"575","Gyeongbuk","65",2025,220383,0.0853081394268585,NA
"576","Gyeongbuk","70",2025,161998,0.0627078675345749,NA
"577","Gyeongbuk","75",2025,113729,0.0440234019360713,NA
"578","Gyeongbuk","80",2025,178708,0.0691761478003976,NA
"579","Gyeongnam","0",2025,70293,0.0217602750921266,NA
"580","Gyeongnam","5",2025,113956,0.0352768256924357,NA
"581","Gyeongnam","10",2025,157063,0.0486212579744027,NA
"582","Gyeongnam","15",2025,152870,0.0473232505844593,NA
"583","Gyeongnam","20",2025,131052,0.040569154416135,NA
"584","Gyeongnam","25",2025,167102,0.0517289842295043,NA
"585","Gyeongnam","30",2025,187274,0.0579735358798589,NA
"586","Gyeongnam","35",2025,185701,0.0574865896303047,NA
"587","Gyeongnam","40",2025,240584,0.074476463129532,NA
"588","Gyeongnam","45",2025,249840,0.0773417997384792,NA
"589","Gyeongnam","50",2025,286284,0.0886235982882276,NA
"590","Gyeongnam","55",2025,289981,0.0897680612790744,NA
"591","Gyeongnam","60",2025,282052,0.0873135178507747,NA
"592","Gyeongnam","65",2025,252711,0.0782305617743789,NA
"593","Gyeongnam","70",2025,173474,0.0537015344533819,NA
"594","Gyeongnam","75",2025,120554,0.0373193376788049,NA
"595","Gyeongnam","80",2025,169545,0.052485252308119,NA
"596","Jeju","0",2025,18162,0.026872349680852,NA
"597","Jeju","5",2025,28577,0.0422823002328878,NA
"598","Jeju","10",2025,35958,0.0532031686942009,NA
"599","Jeju","15",2025,33667,0.0498134234503493,NA
"600","Jeju","20",2025,29664,0.0438906167235323,NA
"601","Jeju","25",2025,38964,0.0576508222092676,NA
"602","Jeju","30",2025,44089,0.0652337311462991,NA
"603","Jeju","35",2025,41349,0.0611796490999642,NA
"604","Jeju","40",2025,53377,0.0789761815281818,NA
"605","Jeju","45",2025,53791,0.0795887326110952,NA
"606","Jeju","50",2025,60903,0.0901115908277133,NA
"607","Jeju","55",2025,57159,0.0845719984257141,NA
"608","Jeju","60",2025,51543,0.0762626098227153,NA
"609","Jeju","65",2025,43553,0.0644406698408847,NA
"610","Jeju","70",2025,29047,0.0429777084671131,NA
"611","Jeju","75",2025,22431,0.0331887278764008,NA
"612","Jeju","80",2025,33628,0.0497557193628285,NA
"613","Nationwide","0",2050,1152490,0.0244653868557852,NA
"614","Nationwide","5",2050,1246698,0.0264652611843345,NA
"615","Nationwide","10",2050,1352080,0.0287023403760294,NA
"616","Nationwide","15",2050,1357147,0.028809904099097,NA
"617","Nationwide","20",2050,1325750,0.0281433996165322,NA
"618","Nationwide","25",2050,1471574,0.0312389931339233,NA
"619","Nationwide","30",2050,2039223,0.0432892082189129,NA
"620","Nationwide","35",2050,2529495,0.0536968422500624,NA
"621","Nationwide","40",2050,2503915,0.0531538227047553,NA
"622","Nationwide","45",2050,2793071,0.0592921088518554,NA
"623","Nationwide","50",2050,3504568,0.0743959703619168,NA
"624","Nationwide","55",2050,3653864,0.0775652684868648,NA
"625","Nationwide","60",2050,3269232,0.0694001905450914,NA
"626","Nationwide","65",2050,3742776,0.0794527178149471,NA
"627","Nationwide","70",2050,3632046,0.0771021097519348,NA
"628","Nationwide","75",2050,3871945,0.0821947542358921,NA
"629","Nationwide","80",2050,7661086,0.162631721512065,NA
"630","Seoul","0",2050,204580,0.0252879317431034,NA
"631","Seoul","5",2050,200973,0.0248420740356179,NA
"632","Seoul","10",2050,212973,0.026325382183615,NA
"633","Seoul","15",2050,215368,0.0266214257681528,NA
"634","Seoul","20",2050,259069,0.0320232632161211,NA
"635","Seoul","25",2050,345886,0.0427546268398429,NA
"636","Seoul","30",2050,466886,0.0577113173321467,NA
"637","Seoul","35",2050,520457,0.0643331757318426,NA
"638","Seoul","40",2050,474004,0.0585911662819336,NA
"639","Seoul","45",2050,504498,0.0623604995040188,NA
"640","Seoul","50",2050,606806,0.0750066903377925,NA
"641","Seoul","55",2050,602917,0.0745259748888291,NA
"642","Seoul","60",2050,516558,0.0638512241927559,NA
"643","Seoul","65",2050,571886,0.070690263627121,NA
"644","Seoul","70",2050,557036,0.0688546697939747,NA
"645","Seoul","75",2050,606777,0.0750031056764349,NA
"646","Seoul","80",2050,1223351,0.151217208846697,NA
"647","Busan","0",2050,57060,0.0226244164478635,NA
"648","Busan","5",2050,62535,0.0247952660807421,NA
"649","Busan","10",2050,67965,0.0269482731138984,NA
"650","Busan","15",2050,68527,0.027171107359319,NA
"651","Busan","20",2050,73860,0.0292856536775184,NA
"652","Busan","25",2050,77925,0.0308974351857653,NA
"653","Busan","30",2050,103360,0.0409824690510195,NA
"654","Busan","35",2050,128001,0.0507526801567294,NA
"655","Busan","40",2050,124531,0.0493768174670328,NA
"656","Busan","45",2050,136926,0.0542914624349835,NA
"657","Busan","50",2050,175206,0.0694695672654115,NA
"658","Busan","55",2050,186641,0.0740035701059533,NA
"659","Busan","60",2050,171057,0.0678244795710163,NA
"660","Busan","65",2050,204668,0.0811513155547026,NA
"661","Busan","70",2050,203520,0.0806961310106762,NA
"662","Busan","75",2050,219044,0.0868514314126502,NA
"663","Busan","80",2050,461228,0.182877924104718,NA
"664","Daegu","0",2050,44105,0.0238964194110119,NA
"665","Daegu","5",2050,49784,0.026973344155035,NA
"666","Daegu","10",2050,54943,0.0297685290034968,NA
"667","Daegu","15",2050,55390,0.0300107169521812,NA
"668","Daegu","20",2050,55436,0.0300356400967885,NA
"669","Daegu","25",2050,55126,0.0298676797744347,NA
"670","Daegu","30",2050,74073,0.0401333063151998,NA
"671","Daegu","35",2050,92657,0.0502022567365634,NA
"672","Daegu","40",2050,92050,0.0498733795892449,NA
"673","Daegu","45",2050,103215,0.0559226602314385,NA
"674","Daegu","50",2050,131496,0.0712455178975269,NA
"675","Daegu","55",2050,138105,0.0748263236086113,NA
"676","Daegu","60",2050,124279,0.0673352932316325,NA
"677","Daegu","65",2050,143611,0.0778095156566111,NA
"678","Daegu","70",2050,143633,0.0778214354214233,NA
"679","Daegu","75",2050,159045,0.0861717724798637,NA
"680","Daegu","80",2050,328726,0.178106209438937,NA
"681","Incheon","0",2050,73809,0.0245549378017427,NA
"682","Incheon","5",2050,81015,0.0269522454715304,NA
"683","Incheon","10",2050,88106,0.0293112946925218,NA
"684","Incheon","15",2050,88183,0.0293369112191071,NA
"685","Incheon","20",2050,82453,0.0274306424225649,NA
"686","Incheon","25",2050,89563,0.0297960126046618,NA
"687","Incheon","30",2050,127786,0.042512122938036,NA
"688","Incheon","35",2050,164596,0.0547581533744617,NA
"689","Incheon","40",2050,167817,0.0558297226229194,NA
"690","Incheon","45",2050,188451,0.0626942863834521,NA
"691","Incheon","50",2050,234297,0.0779464328487707,NA
"692","Incheon","55",2050,246496,0.0820048225606413,NA
"693","Incheon","60",2050,217358,0.0723111296821688,NA
"694","Incheon","65",2050,240021,0.0798507055523322,NA
"695","Incheon","70",2050,225307,0.0749556201993964,NA
"696","Incheon","75",2050,234300,0.077947430895261,NA
"697","Incheon","80",2050,456314,0.151807528730432,NA
"698","Gwangju","0",2050,31955,0.0264662229540131,NA
"699","Gwangju","5",2050,36061,0.0298669524626715,NA
"700","Gwangju","10",2050,39643,0.0328336872654027,NA
"701","Gwangju","15",2050,40028,0.0331525574214751,NA
"702","Gwangju","20",2050,39988,0.0331194280546104,NA
"703","Gwangju","25",2050,40440,0.0334937899001812,NA
"704","Gwangju","30",2050,52280,0.0433000824921235,NA
"705","Gwangju","35",2050,64741,0.0536207085046398,NA
"706","Gwangju","40",2050,64930,0.0537772447630753,NA
"707","Gwangju","45",2050,72828,0.0603186382505044,NA
"708","Gwangju","50",2050,92058,0.0762455813706944,NA
"709","Gwangju","55",2050,92536,0.0766414773047272,NA
"710","Gwangju","60",2050,78317,0.0648648156185087,NA
"711","Gwangju","65",2050,91277,0.0755987304826617,NA
"712","Gwangju","70",2050,91039,0.075401610749817,NA
"713","Gwangju","75",2050,97588,0.080825716339735,NA
"714","Gwangju","80",2050,181679,0.150472756065159,NA
"715","Daejeon","0",2050,35289,0.0277025467596758,NA
"716","Daejeon","5",2050,37314,0.0292922108813098,NA
"717","Daejeon","10",2050,39776,0.031224928445489,NA
"718","Daejeon","15",2050,40012,0.0314101930048499,NA
"719","Daejeon","20",2050,45146,0.0354404821902667,NA
"720","Daejeon","25",2050,49273,0.0386802569211228,NA
"721","Daejeon","30",2050,62380,0.0489695051395215,NA
"722","Daejeon","35",2050,73013,0.057316615561909,NA
"723","Daejeon","40",2050,70029,0.0549741179130418,NA
"724","Daejeon","45",2050,77434,0.0607871859726468,NA
"725","Daejeon","50",2050,94357,0.0740720679135913,NA
"726","Daejeon","55",2050,93642,0.0735107791002737,NA
"727","Daejeon","60",2050,81702,0.0641376484275278,NA
"728","Daejeon","65",2050,92395,0.0725318600090748,NA
"729","Daejeon","70",2050,91117,0.0715286053189769,NA
"730","Daejeon","75",2050,98143,0.0770441510565575,NA
"731","Daejeon","80",2050,192832,0.151376845384165,NA
"732","Ulsan","0",2050,18896,0.0221573126988278,NA
"733","Ulsan","5",2050,20680,0.0242492181737806,NA
"734","Ulsan","10",2050,22573,0.0264689362590304,NA
"735","Ulsan","15",2050,23196,0.0271994615454069,NA
"736","Ulsan","20",2050,20253,0.0237485210673877,NA
"737","Ulsan","25",2050,22363,0.0262226917804766,NA
"738","Ulsan","30",2050,33380,0.0391411461625143,NA
"739","Ulsan","35",2050,42855,0.0502514625163137,NA
"740","Ulsan","40",2050,42290,0.0495889476097283,NA
"741","Ulsan","45",2050,46872,0.0549617676132226,NA
"742","Ulsan","50",2050,62056,0.0727664160054221,NA
"743","Ulsan","55",2050,67973,0.079704647336866,NA
"744","Ulsan","60",2050,62367,0.0731310923522328,NA
"745","Ulsan","65",2050,73679,0.086395461597001,NA
"746","Ulsan","70",2050,72436,0.0849379288025131,NA
"747","Ulsan","75",2050,76111,0.0892472071772057,NA
"748","Ulsan","80",2050,144831,0.16982778130207,NA
"749","Sejong","0",2050,18730,0.0351973059873004,NA
"750","Sejong","5",2050,21977,0.0412990493156915,NA
"751","Sejong","10",2050,24969,0.0469215981418529,NA
"752","Sejong","15",2050,24760,0.0465288465694372,NA
"753","Sejong","20",2050,18327,0.0344399907543649,NA
"754","Sejong","25",2050,14711,0.0276448247933356,NA
"755","Sejong","30",2050,21976,0.0412971701215651,NA
"756","Sejong","35",2050,31837,0.0598279034019051,NA
"757","Sejong","40",2050,35193,0.0661344788900728,NA
"758","Sejong","45",2050,41433,0.0778606502387516,NA
"759","Sejong","50",2050,48327,0.0908158145460901,NA
"760","Sejong","55",2050,43986,0.0826582328434274,NA
"761","Sejong","60",2050,35421,0.0665629351508899,NA
"762","Sejong","65",2050,36720,0.0690040083210716,NA
"763","Sejong","70",2050,32419,0.0609215943834646,NA
"764","Sejong","75",2050,30114,0.0565900519221337,NA
"765","Sejong","80",2050,51243,0.0962955446186457,NA
"766","Gyeonggi","0",2050,377276,0.0269340626053685,"Urban"
"767","Gyeonggi","5",2050,414089,0.0295621747744209,"Urban"
"768","Gyeonggi","10",2050,445764,0.0318234806434002,"Urban"
"769","Gyeonggi","15",2050,435511,0.0310915100333088,"Urban"
"770","Gyeonggi","20",2050,387219,0.0276439020451557,"Urban"
"771","Gyeonggi","25",2050,427028,0.0304859012665669,"Urban"
"772","Gyeonggi","30",2050,617604,0.044091288079088,"Urban"
"773","Gyeonggi","35",2050,799158,0.0570525864448866,"Urban"
"774","Gyeonggi","40",2050,808068,0.0576886791139508,"Urban"
"775","Gyeonggi","45",2050,899454,0.0642128053378669,"Urban"
"776","Gyeonggi","50",2050,1111654,0.0793619483654096,"Urban"
"777","Gyeonggi","55",2050,1143729,0.0816518105831685,"Urban"
"778","Gyeonggi","60",2050,992484,0.070854298155267,"Urban"
"779","Gyeonggi","65",2050,1082837,0.07730467760846,"Urban"
"780","Gyeonggi","70",2050,1014768,0.0724451723457748,"Urban"
"781","Gyeonggi","75",2050,1049823,0.0749477793619412,"Urban"
"782","Gyeonggi","80",2050,2000927,0.142847923235965,"Urban"
"783","Gangwon","0",2050,32137,0.0220264136019975,NA
"784","Gangwon","5",2050,35690,0.0244616081605405,NA
"785","Gangwon","10",2050,39028,0.0267494436337791,NA
"786","Gangwon","15",2050,39621,0.0271558805527816,NA
"787","Gangwon","20",2050,37372,0.0256144359813875,NA
"788","Gangwon","25",2050,36280,0.0248659889062597,NA
"789","Gangwon","30",2050,48811,0.0334546247106793,NA
"790","Gangwon","35",2050,61821,0.0423715628493353,NA
"791","Gangwon","40",2050,64099,0.0439328837624681,NA
"792","Gangwon","45",2050,74451,0.0510280523721043,NA
"793","Gangwon","50",2050,98342,0.0674027310093549,NA
"794","Gangwon","55",2050,108013,0.0740311482836779,NA
"795","Gangwon","60",2050,104400,0.0715548302594685,NA
"796","Gangwon","65",2050,127321,0.0872646795351129,NA
"797","Gangwon","70",2050,126434,0.0866567376343452,NA
"798","Gangwon","75",2050,138949,0.0952344071812537,NA
"799","Gangwon","80",2050,286252,0.196194571565454,NA
"800","Chungbuk","0",2050,36203,0.0231301139990123,NA
"801","Chungbuk","5",2050,39521,0.0252499857844644,NA
"802","Chungbuk","10",2050,42969,0.0274529146320349,NA
"803","Chungbuk","15",2050,43374,0.0277116693255575,NA
"804","Chungbuk","20",2050,42103,0.0268996268182309,NA
"805","Chungbuk","25",2050,45696,0.0291951962350873,NA
"806","Chungbuk","30",2050,62449,0.0398986959402347,NA
"807","Chungbuk","35",2050,77051,0.0492279207175619,NA
"808","Chungbuk","40",2050,76933,0.0491525304611775,NA
"809","Chungbuk","45",2050,87517,0.0559146531185691,NA
"810","Chungbuk","50",2050,111891,0.0714872133652869,NA
"811","Chungbuk","55",2050,120517,0.0769983688870801,NA
"812","Chungbuk","60",2050,112457,0.0718488310357407,NA
"813","Chungbuk","65",2050,132611,0.0847252312660005,NA
"814","Chungbuk","70",2050,128844,0.082318493166001,NA
"815","Chungbuk","75",2050,136663,0.0873140560021825,NA
"816","Chungbuk","80",2050,268390,0.171474499245778,NA
"817","Chungnam","0",2050,50847,0.0229937192014084,NA
"818","Chungnam","5",2050,55307,0.0250105931101598,NA
"819","Chungnam","10",2050,60227,0.0272354854041187,NA
"820","Chungnam","15",2050,61217,0.0276831771461958,NA
"821","Chungnam","20",2050,60087,0.0271721754607946,NA
"822","Chungnam","25",2050,61691,0.0278975265257357,NA
"823","Chungnam","30",2050,84773,0.0383355273243454,NA
"824","Chungnam","35",2050,107293,0.0485193839218972,NA
"825","Chungnam","40",2050,109006,0.0492940262998549,NA
"826","Chungnam","45",2050,125390,0.0567030985242904,NA
"827","Chungnam","50",2050,159013,0.071907885841319,NA
"828","Chungnam","55",2050,168596,0.0762414514618492,NA
"829","Chungnam","60",2050,159439,0.0721005289545765,NA
"830","Chungnam","65",2050,188248,0.0851283586490201,NA
"831","Chungnam","70",2050,183448,0.0829577320207675,NA
"832","Chungnam","75",2050,193645,0.0875689569641616,NA
"833","Chungnam","80",2050,383116,0.173250373189505,NA
"834","Jeonbuk","0",2050,30161,0.0203841776446512,NA
"835","Jeonbuk","5",2050,34301,0.023182178223175,NA
"836","Jeonbuk","10",2050,38545,0.0260504667389371,NA
"837","Jeonbuk","15",2050,40121,0.0271155993263172,NA
"838","Jeonbuk","20",2050,40181,0.0271561500593392,NA
"839","Jeonbuk","25",2050,39750,0.0268648606271306,NA
"840","Jeonbuk","30",2050,50942,0.03442892402685,NA
"841","Jeonbuk","35",2050,64460,0.0435650041767255,NA
"842","Jeonbuk","40",2050,65785,0.0444604995309632,NA
"843","Jeonbuk","45",2050,77245,0.0522056895381812,NA
"844","Jeonbuk","50",2050,101117,0.0683394745165677,NA
"845","Jeonbuk","55",2050,108185,0.0731163508665692,NA
"846","Jeonbuk","60",2050,101945,0.0688990746322724,NA
"847","Jeonbuk","65",2050,124767,0.0843232217827724,NA
"848","Jeonbuk","70",2050,128156,0.0866136623529698,NA
"849","Jeonbuk","75",2050,143089,0.0967060639566161,NA
"850","Jeonbuk","80",2050,290878,0.196588601999962,NA
"851","Jeonnam","0",2050,29425,0.0193117724039531,"Rural"
"852","Jeonnam","5",2050,32767,0.0215051434616935,"Rural"
"853","Jeonnam","10",2050,36904,0.024220276934426,"Rural"
"854","Jeonnam","15",2050,38478,0.0252533008856179,"Rural"
"855","Jeonnam","20",2050,33332,0.0218759557440463,"Rural"
"856","Jeonnam","25",2050,33542,0.0220137797781952,"Rural"
"857","Jeonnam","30",2050,46657,0.0306212188632536,"Rural"
"858","Jeonnam","35",2050,60730,0.0398573980660007,"Rural"
"859","Jeonnam","40",2050,63406,0.0416136700440118,"Rural"
"860","Jeonnam","45",2050,74693,0.0490213837270507,"Rural"
"861","Jeonnam","50",2050,101575,0.0666641727079535,"Rural"
"862","Jeonnam","55",2050,114734,0.0753004892096907,"Rural"
"863","Jeonnam","60",2050,110171,0.0723057698391134,"Rural"
"864","Jeonnam","65",2050,138968,0.0912053827504689,"Rural"
"865","Jeonnam","70",2050,141782,0.0930522248080636,"Rural"
"866","Jeonnam","75",2050,155829,0.102271340082773,"Rural"
"867","Jeonnam","80",2050,310689,0.203906720693688,"Rural"
"868","Gyeongbuk","0",2050,43135,0.0194707090750612,NA
"869","Gyeongbuk","5",2050,46557,0.0210153657681146,NA
"870","Gyeongbuk","10",2050,51221,0.0231206488822003,NA
"871","Gyeongbuk","15",2050,54792,0.0247325626901763,NA
"872","Gyeongbuk","20",2050,54335,0.0245262774450782,NA
"873","Gyeongbuk","25",2050,54307,0.0245136385241532,NA
"874","Gyeongbuk","30",2050,73057,0.0329772016436014,NA
"875","Gyeongbuk","35",2050,92106,0.0415757303829277,NA
"876","Gyeongbuk","40",2050,92867,0.041919238198069,NA
"877","Gyeongbuk","45",2050,107512,0.0485298452318994,NA
"878","Gyeongbuk","50",2050,143748,0.0648864144690367,NA
"879","Gyeongbuk","55",2050,160932,0.0726431007967485,NA
"880","Gyeongbuk","60",2050,158681,0.0716270218323817,NA
"881","Gyeongbuk","65",2050,197755,0.0892646359832787,NA
"882","Gyeongbuk","70",2050,200084,0.0903159233702224,NA
"883","Gyeongbuk","75",2050,220815,0.0996736901451174,NA
"884","Gyeongbuk","80",2050,463475,0.209207995561933,NA
"885","Gyeongnam","0",2050,52566,0.01973265603292,NA
"886","Gyeongnam","5",2050,58910,0.0221141187630659,NA
"887","Gyeongnam","10",2050,65407,0.0245530158875547,NA
"888","Gyeongnam","15",2050,68042,0.0255421637901295,NA
"889","Gyeongnam","20",2050,59311,0.0222646494305924,NA
"890","Gyeongnam","25",2050,60643,0.0227646665107554,NA
"891","Gyeongnam","30",2050,88360,0.0331693012036072,NA
"892","Gyeongnam","35",2050,116542,0.043748491408678,NA
"893","Gyeongnam","40",2050,118907,0.0446362844977062,NA
"894","Gyeongnam","45",2050,136142,0.0511061000957615,NA
"895","Gyeongnam","50",2050,182821,0.0686288458051683,NA
"896","Gyeongnam","55",2050,204147,0.0766343745225531,NA
"897","Gyeongnam","60",2050,196128,0.0736241365602203,NA
"898","Gyeongnam","65",2050,243177,0.0912857759030057,NA
"899","Gyeongnam","70",2050,241927,0.090816540655105,NA
"900","Gyeongnam","75",2050,258972,0.0972150324954794,NA
"901","Gyeongnam","80",2050,511907,0.192163846437697,NA
"902","Jeju","0",2050,16316,0.0250400939233726,NA
"903","Jeju","5",2050,19217,0.0294922459503219,NA
"904","Jeju","10",2050,21067,0.0323314328685763,NA
"905","Jeju","15",2050,20527,0.0315026972275723,NA
"906","Jeju","20",2050,17278,0.026516471120865,NA
"907","Jeju","25",2050,17350,0.0266269692063322,NA
"908","Jeju","30",2050,24449,0.0375217734942717,NA
"909","Jeju","35",2050,32177,0.0493819013344179,NA
"910","Jeju","40",2050,34000,0.0521796514706221,NA
"911","Jeju","45",2050,39010,0.0598684765843814,NA
"912","Jeju","50",2050,49804,0.0764339812306724,NA
"913","Jeju","55",2050,52715,0.0809014802139366,NA
"914","Jeju","60",2050,46468,0.0713142366040255,NA
"915","Jeju","65",2050,52835,0.0810856436897152,NA
"916","Jeju","70",2050,50096,0.0768821123550672,NA
"917","Jeju","75",2050,53038,0.0813971869029075,NA
"918","Jeju","80",2050,105248,0.161523645822942,NA
